cpi_code,year,1,2,3,4,5,6,7,8,9,10,11,12,prodcode
120050,1983,0.3,0.3,0.3,0.4,0.4,0.4,0.4,0.5,0.5,0.6,0.7,0.8,30.0
120040,1983,0.4,0.5,0.5,0.6,0.7,0.5,0.5,0.5,0.6,0.7,0.8,0.8,31.0
120450,1983,0.2,0.2,0.2,0.2,0.2,0.2,0.3,0.3,0.3,0.3,0.4,0.4,32.0
120520,1983,0.2,0.2,0.3,0.3,0.3,0.4,0.4,0.4,0.4,0.5,0.6,0.7,33.0
120660,1983,1.2,1.2,1.3,1.4,1.5,1.6,1.7,1.9,2.1,2.4,2.8,3.1,34.0
120850,1983,2.2,2.1,2.3,2.8,2.9,3.0,3.1,3.0,3.3,4.9,5.6,5.8,35.0
121230,1983,0.2,0.2,0.2,0.3,0.3,0.3,0.3,0.3,0.3,0.4,0.5,0.5,36.0
121050,1983,0.4,0.4,0.4,0.5,0.5,0.5,0.6,0.6,0.7,0.8,0.9,1.1,37.0
121320,1983,0.4,0.4,0.4,0.5,0.5,0.5,0.6,0.6,0.7,0.8,0.9,1.0,38.0
121430,1983,0.3,0.4,0.4,0.4,0.5,0.5,0.5,0.6,0.6,0.7,0.9,1.0,39
120050,1984,1.0,1.1,1.3,1.4,1.6,1.8,2.1,2.4,3.0,3.7,4.4,4.5,30.0
120040,1984,0.9,1.0,1.1,1.4,1.8,2.0,1.9,2.3,2.9,3.8,4.7,5.3,31.0
120450,1984,0.5,0.6,0.7,0.8,0.9,1.1,1.2,1.4,1.7,2.0,2.3,2.5,32.0
120520,1984,0.7,0.8,0.9,1.1,1.2,1.4,1.6,1.8,2.2,2.8,3.2,3.2,33.0
120660,1984,3.5,3.8,4.2,4.8,5.6,6.4,7.5,8.7,10.8,13.5,16.3,16.7,34.0
120850,1984,5.8,5.9,6.3,9.4,10.7,12.0,12.9,13.5,16.0,23.6,32.7,32.9,35.0
121230,1984,0.6,0.7,0.7,0.9,1.0,1.1,1.4,1.6,1.9,2.3,2.8,3.0,36.0
121050,1984,1.2,1.3,1.5,1.7,2.0,2.2,2.5,3.0,3.7,4.6,5.4,5.5,37.0
121320,1984,1.2,1.3,1.5,1.7,2.0,2.2,2.5,3.0,3.6,4.6,5.2,5.4,38.0
121430,1984,1.1,1.2,1.4,1.5,1.8,2.1,2.4,2.7,3.4,4.2,5.1,5.3,39
120050,1985,4.6,5.5,6.2,7.2,7.5,9.1,12.6,12.8,12.8,12.9,12.9,12.9,30.0
120040,1985,5.9,6.6,7.4,8.5,8.9,8.8,8.7,10.0,13.9,17.4,14.5,14.8,31.0
120450,1985,2.7,3.0,3.3,4.2,4.4,4.9,6.2,6.4,6.4,6.8,7.0,7.2,32.0
120520,1985,3.5,4.1,4.6,5.7,6.0,7.0,9.3,9.6,9.7,9.8,9.9,10.1,33.0
120660,1985,16.9,18.2,20.1,22.7,24.1,27.8,34.0,35.6,36.1,36.5,37.4,37.4,34.0
120850,1985,32.7,32.7,33.8,49.3,51.9,58.2,65.9,66.2,67.1,81.0,87.5,87.7,35.0
121230,1985,3.0,3.2,3.6,4.1,4.5,5.1,6.4,7.1,7.4,7.6,8.0,8.3,36.0
121050,1985,5.6,6.4,7.2,8.2,9.0,10.8,13.1,13.7,14.3,14.9,15.0,15.0,37.0
121320,1985,5.9,7.1,8.2,9.4,10.3,12.6,17.2,17.8,17.8,17.4,17.4,17.7,38.0
121430,1985,5.4,5.9,6.5,7.4,7.8,8.9,11.2,11.7,12.2,12.4,12.5,12.6,39
120050,1986,13.0,13.2,13.3,13.5,14.1,14.7,14.8,14.9,14.9,15.0,15.0,15.0,30.0
120040,1986,16.5,17.1,17.5,19.0,18.7,18.3,16.8,17.2,18.0,19.7,22.8,24.6,31.0
120450,1986,6.5,6.6,6.7,6.7,6.8,6.9,6.7,6.8,6.9,7.2,7.4,7.5,32.0
120520,1986,10.1,10.3,10.3,11.4,11.5,11.5,11.7,11.9,12.1,12.3,12.6,12.9,33.0
120660,1986,38.2,38.4,39.1,39.7,40.2,40.5,41.0,41.9,42.9,43.6,44.2,44.7,34.0
120850,1986,85.2,81.8,79.7,90.3,91.6,92.3,91.8,88.6,88.7,93.2,100.9,101.4,35.0
121230,1986,8.6,8.6,8.8,9.0,9.2,9.4,9.9,10.0,10.3,10.6,10.9,11.0,36.0
121050,1986,15.0,15.3,15.7,16.3,16.3,16.7,17.3,17.7,18.2,18.7,19.0,19.4,37.0
121320,1986,17.7,18.0,18.8,19.3,19.4,19.6,19.9,20.0,20.4,20.4,20.4,20.3,38.0
121430,1986,12.9,13.4,13.6,13.6,13.8,14.0,14.3,14.7,15.0,15.2,15.4,15.5,39
120050,1987,15.4,15.7,15.8,16.0,16.1,16.3,16.4,16.5,16.6,16.8,17.0,17.1,30.0
120040,1987,26.0,24.0,23.8,24.8,23.3,22.4,20.4,21.1,21.0,21.8,21.9,22.7,31.0
120450,1987,7.4,7.6,7.8,7.9,8.0,8.1,8.2,8.3,8.4,8.4,8.6,8.7,32.0
120520,1987,13.2,13.5,13.8,14.0,14.3,14.6,14.8,15.0,15.2,15.5,15.7,16.0,33.0
120660,1987,45.8,47.0,48.0,48.8,49.1,49.4,49.8,50.4,50.7,51.7,52.5,53.1,34.0
120850,1987,96.6,91.7,90.5,100.4,105.9,107.4,104.2,97.9,97.0,103.6,113.5,115.9,35.0
121230,1987,11.6,11.9,12.1,12.4,12.6,12.8,13.1,13.2,13.4,13.7,13.9,14.3,36.0
121050,1987,20.0,20.5,21.0,21.2,21.4,21.7,22.1,22.4,22.9,23.3,23.6,23.9,37.0
121320,1987,21.0,21.3,21.4,22.2,22.2,22.6,22.7,23.3,23.5,23.6,23.5,23.7,38.0
121430,1987,15.8,16.2,16.5,16.8,17.1,17.6,17.9,18.1,18.3,18.7,19.0,19.3,39
120050,1988,17.5,17.7,17.9,18.1,19.1,19.5,19.7,19.9,20.0,20.8,20.9,21.0,30.0
120040,1988,24.8,24.3,26.7,31.9,29.5,25.4,24.3,24.9,27.4,27.3,28.1,27.0,31.0
120450,1988,8.6,8.9,9.1,8.9,9.1,9.3,9.3,9.4,9.7,10.3,10.5,10.6,32.0
120520,1988,16.3,16.6,16.8,17.0,17.2,17.5,17.7,17.9,18.1,18.4,18.8,19.0,33.0
120660,1988,53.5,54.0,54.2,54.6,55.2,55.2,55.7,56.1,56.2,56.5,57.0,57.4,34.0
120850,1988,110.7,105.4,103.5,113.6,117.0,118.1,114.3,109.7,109.8,114.3,121.3,121.3,35.0
121230,1988,14.5,14.6,14.9,15.0,15.3,15.5,15.7,15.9,16.1,16.3,16.9,17.4,36.0
121050,1988,24.1,24.3,24.9,25.6,25.9,26.1,26.4,26.5,27.1,27.4,27.4,27.7,37.0
121320,1988,24.2,24.5,24.6,25.0,24.9,25.0,25.1,25.3,25.4,25.4,25.4,25.5,38.0
121430,1988,19.4,19.4,19.6,19.9,20.2,20.4,20.6,20.9,21.0,21.2,21.3,21.5,39
120050,1989,23.1,23.6,23.7,23.8,24.1,24.3,24.7,24.9,25.0,25.3,25.4,25.5,30.0
120040,1989,30.7,32.0,29.9,32.1,28.7,26.6,24.6,25.4,26.1,27.2,27.2,28.2,31.0
120450,1989,10.8,11.0,11.1,11.7,12.1,12.4,12.4,12.9,13.5,14.0,14.3,14.4,32.0
120520,1989,19.9,20.3,20.6,21.0,21.2,22.1,22.3,22.4,22.6,22.8,23.3,23.8,33.0
120660,1989,59.2,60.4,61.0,61.2,61.5,61.7,61.9,62.4,62.6,63.1,64.1,64.9,34.0
120850,1989,117.9,111.5,109.5,118.7,122.8,122.1,117.5,113.3,112.9,119.0,124.8,124.3,35.0
121230,1989,17.9,18.4,18.6,18.9,19.1,19.4,19.7,19.9,20.2,20.4,20.7,20.9,36.0
121050,1989,28.5,28.9,29.5,30.0,30.2,30.7,31.3,31.6,32.3,32.5,32.7,32.8,37.0
121320,1989,27.0,27.5,27.7,27.9,28.4,29.0,29.9,30.3,30.3,30.5,30.6,31.0,38.0
121430,1989,22.2,22.8,22.8,23.1,23.2,23.6,23.8,23.9,24.0,24.2,24.3,24.6,39
120050,1990,25.8,26.0,26.3,26.4,26.7,26.9,27.2,27.4,27.6,27.9,28.8,28.8,30.0
120040,1990,27.5,27.4,27.4,29.4,30.8,28.3,27.8,27.9,27.7,28.6,29.3,29.6,31.0
120450,1990,14.5,14.7,15.0,15.6,15.9,16.4,17.1,17.6,18.6,18.8,18.9,18.9,32.0
120520,1990,24.0,24.2,24.2,24.7,25.0,25.1,25.8,26.5,26.9,27.8,28.2,28.4,33.0
120660,1990,65.6,66.2,66.8,67.5,68.0,68.8,69.1,69.8,70.5,70.9,71.9,72.4,34.0
120850,1990,120.1,114.9,113.0,120.4,125.7,126.0,122.9,117.7,115.7,123.8,128.8,129.6,35.0
121230,1990,21.5,21.7,22.0,22.3,22.7,22.8,23.1,23.5,23.6,24.0,24.3,24.5,36.0
121050,1990,33.1,33.3,33.8,34.3,34.5,34.9,35.1,35.5,36.1,36.4,36.5,36.7,37.0
121320,1990,32.5,32.6,33.1,33.7,34.0,34.4,35.4,36.2,37.2,37.5,37.4,37.3,38.0
121430,1990,25.0,25.2,26.0,27.0,27.1,27.2,27.4,27.6,27.7,28.4,29.3,29.5,39
120050,1991,29.4,29.9,30.0,30.2,30.9,31.0,31.0,31.1,31.5,32.2,32.4,32.5,30.0
120040,1991,31.5,31.0,29.6,31.1,30.4,30.3,30.2,33.2,35.4,34.6,32.3,33.8,31.0
120450,1991,19.0,19.0,19.6,19.9,20.4,21.3,23.6,24.7,25.3,24.4,24.4,24.3,32.0
120520,1991,28.8,28.6,28.6,29.0,29.8,30.4,30.8,31.2,31.4,31.8,32.0,32.0,33.0
120660,1991,73.8,74.3,75.4,77.8,78.5,79.5,80.5,80.9,81.3,82.7,83.4,83.7,34.0
120850,1991,125.5,121.4,119.4,126.6,132.7,135.2,132.9,130.0,129.3,136.9,141.6,146.2,35.0
121230,1991,25.0,25.4,25.7,26.3,26.7,27.1,27.7,28.2,28.6,28.9,29.3,29.3,36.0
121050,1991,37.0,37.1,38.2,39.6,40.3,40.6,41.4,41.6,42.6,42.9,42.8,42.6,37.0
121320,1991,38.1,39.1,39.9,40.6,41.0,41.8,42.2,42.6,43.0,44.0,44.2,44.4,38.0
121430,1991,29.7,30.1,30.3,31.0,31.5,32.0,32.4,32.7,32.8,33.0,33.2,33.3,39
120050,1992,32.9,33.6,34.3,34.7,34.6,34.7,34.8,35.0,35.2,35.3,35.4,35.4,30.0
120040,1992,36.8,39.1,44.0,45.3,38.8,34.6,31.4,31.0,34.3,37.1,37.1,38.6,31.0
120450,1992,23.4,23.4,23.4,24.4,24.4,24.5,25.1,25.5,25.5,25.0,25.2,25.6,32.0
120520,1992,32.5,32.6,32.8,32.9,33.0,33.5,33.8,33.9,34.0,34.2,34.4,34.7,33.0
120660,1992,84.1,84.8,85.6,85.4,85.6,85.6,86.2,86.6,86.8,87.7,87.9,88.7,34.0
120850,1992,142.2,137.7,134.2,140.7,144.7,147.6,144.8,140.8,139.7,144.7,150.4,155.9,35.0
121230,1992,29.5,31.0,31.1,31.4,31.8,32.2,32.5,32.8,34.6,35.0,35.2,35.4,36.0
121050,1992,42.8,43.0,44.0,44.8,45.0,45.2,45.8,46.2,47.4,47.6,47.8,48.1,37.0
121320,1992,44.5,44.7,45.1,45.2,45.7,46.4,47.1,47.8,48.4,48.5,48.7,49.1,38.0
121430,1992,33.9,34.1,34.1,34.2,34.6,34.8,34.9,35.0,35.2,35.5,35.9,36.6,39
120050,1993,35.4,36.0,36.2,36.5,36.6,36.6,36.9,37.2,37.4,37.6,38.1,38.4,30.0
120040,1993,38.9,38.4,37.5,38.9,36.5,35.2,34.5,37.5,38.1,38.1,38.7,38.2,31.0
120450,1993,26.8,27.7,28.5,28.9,29.2,29.3,29.1,29.5,29.9,30.8,31.0,31.6,32.0
120520,1993,34.6,34.8,34.8,35.1,35.4,35.5,35.6,35.6,35.8,36.0,36.2,36.5,33.0
120660,1993,89.9,90.5,91.0,91.3,91.8,92.0,92.6,93.0,93.0,93.3,93.4,93.8,34.0
120850,1993,150.6,146.1,144.4,151.4,155.5,157.9,151.8,148.4,146.7,155.8,160.9,162.6,35.0
121230,1993,35.9,36.2,36.5,36.7,36.4,36.5,36.9,37.3,37.4,37.6,37.8,38.0,36.0
121050,1993,48.7,49.1,49.8,50.9,51.0,51.1,51.9,52.1,53.1,53.6,53.7,53.8,37.0
121320,1993,48.7,49.0,50.4,50.7,51.0,51.3,52.0,52.2,52.9,53.4,53.6,53.6,38.0
121430,1993,37.1,37.6,37.8,38.1,38.3,39.0,39.1,39.4,39.4,39.5,39.7,39.9,39
120050,1994,38.7,39.0,39.2,39.4,39.5,39.8,40.0,40.3,40.5,41.0,41.4,41.7,30.0
120040,1994,37.9,38.3,40.2,42.2,40.6,41.1,41.9,45.7,49.0,52.8,58.2,59.6,31.0
120450,1994,32.4,32.8,33.7,34.9,35.7,36.4,37.2,37.7,38.2,38.5,38.7,39.1,32.0
120520,1994,36.6,36.7,36.8,37.2,37.7,38.3,38.5,38.9,39.3,39.7,40.1,40.3,33.0
120660,1994,94.3,94.5,94.7,95.3,95.4,95.8,95.9,96.7,96.6,97.6,98.8,99.5,34.0
120850,1994,153.9,148.3,145.5,154.4,162.3,168.1,160.6,156.4,154.4,164.3,171.2,175.1,35.0
121230,1994,38.7,39.2,39.4,40.1,40.5,41.0,42.1,42.4,42.6,43.1,43.4,44.0,36.0
121050,1994,54.4,54.9,55.7,56.1,56.5,57.0,57.5,57.9,58.7,59.0,59.0,59.1,37.0
121320,1994,53.8,54.0,54.5,55.1,55.7,56.3,57.3,57.7,58.8,58.7,58.8,58.9,38.0
121430,1994,40.3,40.6,40.7,40.8,41.1,41.2,41.7,41.8,42.0,42.4,42.7,43.0,39
120050,1995,42.1,42.5,42.7,42.7,43.3,43.5,43.7,44.2,44.6,45.0,45.4,45.6,30.0
120040,1995,53.4,50.1,47.1,48.4,45.1,41.7,40.7,41.9,44.5,45.9,45.7,44.9,31.0
120450,1995,39.7,40.0,39.9,40.1,40.8,40.9,41.0,42.2,42.6,42.9,43.2,44.4,32.0
120520,1995,41.0,41.2,41.2,41.4,41.8,42.4,42.7,43.3,43.4,43.6,43.9,44.2,33.0
120660,1995,100.3,101.0,101.2,101.8,102.8,103.8,104.6,105.2,105.5,106.2,106.8,107.5,34.0
120850,1995,165.7,160.3,157.0,166.6,174.8,178.0,172.5,168.0,166.0,175.3,182.6,185.7,35.0
121230,1995,45.0,45.1,45.4,45.7,45.9,46.2,46.3,46.5,46.7,46.9,47.2,47.6,36.0
121050,1995,59.8,60.4,60.9,61.4,62.1,62.2,62.7,63.0,63.5,63.9,64.0,64.4,37.0
121320,1995,59.3,59.6,60.4,60.8,61.3,61.6,62.4,62.8,63.3,63.1,63.5,63.7,38.0
121430,1995,43.4,43.6,43.6,43.9,44.2,44.4,44.7,45.0,46.1,47.7,48.0,48.3,39
120050,1996,46.0,46.8,47.2,47.4,48.0,48.8,49.4,49.6,49.9,50.3,50.5,50.7,30.0
120040,1996,43.3,43.0,48.1,51.9,50.2,46.3,46.3,48.3,49.7,48.7,48.1,47.1,31.0
120450,1996,45.1,46.0,46.0,47.0,48.7,49.3,49.0,48.6,48.5,48.9,49.4,50.3,32.0
120520,1996,45.1,45.5,45.7,46.1,46.5,46.8,47.1,47.6,48.0,48.2,48.5,49.1,33.0
120660,1996,108.3,109.1,109.8,110.0,111.1,111.8,112.6,113.6,114.5,114.4,115.4,115.5,34.0
120850,1996,177.9,172.7,170.3,178.8,186.7,188.1,182.2,177.1,175.4,188.9,196.2,195.3,35.0
121230,1996,48.7,49.3,49.5,50.1,50.8,51.6,52.4,52.7,53.0,53.5,54.0,54.3,36.0
121050,1996,64.9,65.2,66.4,67.2,68.2,68.8,69.4,69.8,70.6,70.6,70.6,70.7,37.0
121320,1996,65.1,65.4,65.8,66.4,67.1,67.9,68.3,69.3,69.8,69.8,70.0,70.5,38.0
121430,1996,48.6,49.4,49.8,49.9,50.2,50.4,51.5,51.5,51.7,51.8,52.2,52.5,39
120050,1997,50.7,51.2,51.6,51.8,52.2,52.6,53.4,54.1,54.6,54.8,54.9,55.0,30.0
120040,1997,47.1,52.9,55.4,55.0,55.7,52.7,51.1,53.7,52.7,53.7,52.0,50.7,31.0
120450,1997,50.7,51.4,52.0,52.4,52.1,53.4,54.7,54.8,54.4,55.2,54.3,54.1,32.0
120520,1997,49.7,50.0,50.2,50.4,50.7,51.1,51.4,51.7,51.8,52.5,52.7,52.9,33.0
120660,1997,116.3,117.7,118.9,118.7,118.4,118.7,119.7,120.1,120.4,122.0,122.0,121.8,34.0
120850,1997,185.7,179.3,175.3,186.1,195.1,197.6,189.3,178.3,171.8,182.0,191.8,186.7,35.0
121230,1997,55.1,55.4,55.8,56.3,56.6,57.0,57.7,58.1,58.5,58.9,59.0,59.3,36.0
121050,1997,71.0,71.9,72.8,73.5,73.6,74.7,75.6,76.1,76.7,77.1,76.9,76.8,37.0
121320,1997,71.1,71.5,72.1,72.5,72.9,73.8,74.1,74.4,75.0,75.4,75.2,75.1,38.0
121430,1997,54.3,54.4,54.5,54.6,55.2,55.4,56.4,56.5,56.6,56.8,56.8,56.9,39
120050,1998,55.1,55.3,55.4,55.7,56.0,55.9,55.8,55.8,56.2,57.3,59.1,59.7,30.0
120040,1998,50.1,49.2,49.0,51.2,54.2,51.0,51.7,55.4,60.5,62.2,57.6,56.3,31.0
120450,1998,54.8,55.1,54.8,55.7,55.0,55.3,55.0,55.6,57.0,59.4,59.6,58.9,32.0
120520,1998,53.4,53.5,53.3,53.6,53.7,53.9,53.9,53.9,54.1,55.3,56.5,57.3,33.0
120660,1998,121.9,121.8,122.3,121.6,121.7,121.9,122.1,122.4,123.2,128.4,133.6,134.5,34.0
120850,1998,176.2,165.5,160.9,175.4,190.4,199.3,189.3,179.0,174.1,186.3,195.0,199.3,35.0
121230,1998,59.6,59.9,60.1,60.4,60.4,60.7,61.2,61.2,61.5,63.2,64.1,64.7,36.0
121050,1998,76.9,77.1,77.5,78.4,78.7,78.8,79.2,79.9,80.8,82.2,83.0,83.3,37.0
121320,1998,75.4,75.3,75.5,76.1,75.8,76.4,77.1,77.4,78.2,80.2,80.9,80.5,38.0
121430,1998,57.6,58.0,58.0,58.2,58.3,58.4,58.9,59.2,59.4,60.2,62.3,63.5,39
120050,1999,59.8,60.3,60.3,60.6,60.7,60.6,60.6,60.8,60.8,61.1,61.1,61.4,30.0
120040,1999,57.4,56.1,54.4,56.5,57.0,56.8,56.3,55.9,55.5,57.8,56.3,59.9,31.0
120450,1999,57.5,56.0,56.0,55.6,56.3,57.1,58.0,59.1,60.2,60.2,59.4,58.3,32.0
120520,1999,57.2,57.0,56.7,57.0,57.2,57.3,57.3,57.5,58.4,58.8,58.9,59.1,33.0
120660,1999,134.9,134.4,135.2,135.1,134.7,134.1,133.7,132.7,132.7,132.9,132.8,132.7,34.0
120850,1999,189.6,182.3,175.9,192.7,190.3,192.5,179.7,168.4,164.7,179.7,187.6,191.2,35.0
121230,1999,65.7,65.8,66.2,66.7,66.8,66.8,67.1,67.4,67.6,67.9,68.0,67.9,36.0
121050,1999,83.4,83.4,83.5,83.9,84.2,84.4,85.5,86.5,86.5,86.7,86.2,86.0,37.0
121320,1999,80.6,80.6,80.7,79.6,79.7,79.8,80.1,80.7,81.0,80.7,80.9,81.1,38.0
121430,1999,63.8,63.9,63.7,63.8,64.1,64.1,64.4,64.4,64.1,64.9,65.0,65.1,39
120050,2000,61.5,61.6,61.6,61.5,62.2,62.2,62.4,62.6,62.9,63.4,63.4,63.4,30.0
120040,2000,58.0,58.0,57.2,55.0,59.1,54.5,55.2,56.5,56.1,58.7,58.6,56.4,31.0
120450,2000,57.3,56.4,55.6,55.4,56.7,57.3,56.9,56.7,56.4,56.6,56.7,56.9,32.0
120520,2000,59.6,59.8,60.0,59.9,59.8,59.9,60.5,60.6,60.5,60.5,60.6,60.9,33.0
120660,2000,132.4,132.6,132.1,131.4,131.8,131.4,130.8,128.8,126.0,126.3,126.2,125.7,34.0
120850,2000,185.2,177.3,170.4,184.8,192.7,193.2,184.1,173.9,168.7,182.6,188.6,191.0,35.0
121230,2000,68.2,68.3,68.4,68.6,68.8,69.2,69.6,69.8,69.9,70.0,70.0,70.0,36.0
121050,2000,85.6,85.5,86.0,86.7,86.0,86.1,86.7,87.2,85.6,85.6,84.8,84.8,37.0
121320,2000,81.2,81.0,81.7,83.1,82.4,83.7,84.7,83.6,83.5,83.1,82.4,82.0,38.0
121430,2000,65.7,65.8,65.8,65.2,65.8,65.9,66.0,65.6,65.3,65.5,65.9,65.7,39
120050,2001,63.5,63.5,63.4,63.7,64.1,64.2,64.0,64.0,64.0,64.2,64.2,64.1,30.0
120040,2001,55.0,54.2,54.0,57.3,59.4,58.2,58.0,60.5,62.1,62.3,60.4,60.3,31.0
120450,2001,56.7,57.0,57.9,58.0,57.9,58.1,59.4,59.9,59.9,60.3,59.8,59.8,32.0
120520,2001,60.5,60.3,60.4,60.5,60.6,60.8,61.1,61.2,61.4,61.4,61.5,61.5,33.0
120660,2001,124.8,124.9,124.0,123.9,123.4,123.2,122.7,122.1,122.2,122.4,122.6,122.7,34.0
120850,2001,182.3,172.9,168.7,176.4,184.1,184.3,176.8,168.2,164.5,173.1,177.5,179.9,35.0
121230,2001,70.1,70.0,70.0,69.9,70.1,73.1,73.6,74.3,74.3,74.3,74.1,74.2,36.0
121050,2001,84.5,84.7,84.9,85.4,85.4,85.4,86.2,86.7,86.7,85.9,84.9,84.6,37.0
121320,2001,81.4,81.5,81.6,82.9,82.9,83.2,83.3,83.5,83.8,83.2,82.0,81.7,38.0
121430,2001,65.9,66.4,65.7,65.5,66.4,66.3,66.2,66.2,66.0,67.0,67.8,67.2,39
120050,2002,64.0,64.0,64.0,64.3,64.3,65.2,65.8,66.4,66.7,67.5,67.3,67.2,30.0
120040,2002,62.3,60.9,59.6,62.9,59.9,57.1,57.0,60.4,65.5,63.6,60.9,59.6,31.0
120450,2002,61.8,63.8,64.7,65.7,66.7,68.0,67.4,65.4,65.7,66.8,65.5,64.8,32.0
120520,2002,61.5,61.9,62.4,62.8,64.0,64.7,67.3,67.7,67.9,68.2,68.1,68.0,33.0
120660,2002,122.4,122.6,122.7,123.1,123.9,125.3,126.5,126.3,126.1,126.2,125.7,125.4,34.0
120850,2002,171.3,162.9,156.9,166.2,169.3,177.3,169.5,164.4,159.4,164.7,166.4,173.7,35.0
121230,2002,74.2,74.3,74.8,75.2,75.5,76.1,77.3,77.9,78.4,78.4,78.6,78.4,36.0
121050,2002,85.4,85.7,86.5,87.2,87.8,88.5,89.1,89.2,88.4,88.4,87.6,87.5,37.0
121320,2002,82.7,83.3,83.9,86.2,87.2,88.5,89.5,89.5,90.0,89.8,89.2,89.3,38.0
121430,2002,67.7,68.3,68.1,68.9,71.0,71.8,72.8,72.4,72.4,73.5,73.9,73.7,39
120050,2003,67.0,66.9,67.1,67.6,67.4,67.5,67.6,67.5,67.5,67.5,67.4,67.4,30.0
120040,2003,58.9,60.8,63.4,63.7,68.3,66.0,61.7,60.8,60.7,62.7,62.8,62.1,31.0
120450,2003,65.2,65.7,65.4,63.8,62.3,60.6,60.2,61.0,61.4,61.2,61.0,60.4,32.0
120520,2003,68.5,69.2,69.7,69.1,68.6,67.9,67.7,67.4,67.2,67.3,67.8,68.1,33.0
120660,2003,125.4,125.9,125.9,125.3,125.8,125.1,124.2,124.3,123.5,122.4,123.2,122.2,34.0
120850,2003,162.7,154.1,147.9,154.2,160.1,171.7,161.6,153.4,146.9,151.6,157.4,166.7,35.0
121230,2003,78.2,78.2,78.5,78.8,78.9,79.0,78.9,78.8,78.6,78.2,78.1,78.1,36.0
121050,2003,87.6,87.9,87.8,88.0,88.0,87.9,88.0,88.4,88.1,87.9,87.5,87.1,37.0
121320,2003,90.9,91.2,91.9,92.8,91.5,91.7,91.7,91.8,90.4,90.3,89.0,88.8,38.0
121430,2003,73.5,73.5,73.7,73.7,74.0,73.2,73.0,72.8,72.5,72.3,72.7,72.5,39
120050,2004,67.6,67.8,68.0,68.2,68.2,68.0,68.2,68.2,68.2,68.5,68.5,68.7,30.0
120040,2004,62.2,61.6,60.1,60.6,59.4,54.6,53.5,55.0,56.3,56.9,58.4,65.8,31.0
120450,2004,59.9,60.1,60.4,60.9,61.4,61.3,61.1,61.5,61.4,60.7,60.0,58.9,32.0
120520,2004,68.5,68.6,68.5,69.1,69.5,70.0,70.2,70.3,70.4,70.8,71.5,71.9,33.0
120660,2004,122.9,122.0,120.7,121.3,121.2,121.2,120.3,119.3,119.8,119.3,120.3,120.4,34.0
120850,2004,155.6,146.9,142.1,150.6,154.7,164.1,155.4,146.7,141.2,146.6,152.7,159.7,35.0
121230,2004,78.5,79.4,80.1,80.3,80.3,80.6,80.5,80.5,80.5,80.6,80.6,80.7,36.0
121050,2004,86.9,86.9,86.4,87.1,87.4,87.4,87.8,88.1,87.3,87.0,86.8,86.5,37.0
121320,2004,89.1,89.9,89.9,92.4,92.6,93.0,93.1,93.4,93.1,93.5,92.4,91.7,38.0
121430,2004,72.6,72.7,72.5,72.3,73.0,72.8,72.7,72.6,72.7,73.2,73.7,74.7,39
120050,2005,68.3,68.6,68.8,69.0,69.1,68.8,68.9,69.0,69.4,69.5,70.1,70.1,30.0
120040,2005,64.4,64.2,60.4,60.0,59.7,56.3,55.4,57.8,60.4,62.3,63.6,59.5,31.0
120450,2005,58.2,58.5,58.2,58.2,58.4,59.1,60.8,61.3,61.1,61.5,62.3,62.4,32.0
120520,2005,71.9,72.0,72.0,72.6,72.9,73.0,73.4,73.6,74.5,75.3,75.5,75.5,33.0
120660,2005,121.5,120.9,121.3,119.4,120.3,120.5,120.2,119.8,119.9,119.3,119.4,118.7,34.0
120850,2005,143.2,134.4,129.6,140.1,146.4,159.1,149.4,139.9,132.6,136.9,141.9,152.9,35.0
121230,2005,81.0,81.1,81.3,81.4,81.5,81.4,81.8,82.0,82.0,82.1,82.2,82.5,36.0
121050,2005,86.0,86.3,86.3,87.2,87.2,86.9,87.8,88.6,87.3,87.2,87.2,87.2,37.0
121320,2005,90.7,91.5,91.7,93.2,93.3,92.7,95.1,94.9,95.2,96.5,93.9,93.1,38.0
121430,2005,75.4,75.4,75.3,75.4,75.7,75.8,76.1,75.9,75.9,76.0,76.4,76.4,39
120050,2006,70.6,71.2,71.8,72.4,72.2,72.5,72.5,72.6,72.6,72.9,72.5,72.6,30.0
120040,2006,61.1,61.7,62.0,65.6,66.7,63.1,62.8,63.2,63.0,64.5,67.1,66.6,31.0
120450,2006,61.8,61.9,62.6,62.2,60.9,60.6,61.0,60.8,60.4,59.3,58.7,58.6,32.0
120520,2006,74.1,74.4,74.5,74.6,74.7,75.1,75.3,75.3,75.5,74.7,74.6,74.6,33.0
120660,2006,119.7,119.3,119.7,119.5,119.2,118.5,118.5,118.4,118.4,118.8,119.4,118.3,34.0
120850,2006,145.2,135.9,129.9,135.2,140.4,156.6,148.1,137.2,131.2,135.9,142.4,150.2,35.0
121230,2006,82.6,83.0,82.9,83.3,83.4,83.6,83.7,83.8,84.0,84.0,84.1,83.9,36.0
121050,2006,87.0,87.1,87.7,88.5,88.7,88.6,89.0,89.9,88.9,88.6,88.4,88.2,37.0
121320,2006,93.1,94.6,94.5,96.4,97.1,97.2,97.7,97.9,95.8,94.0,93.3,93.1,38.0
121430,2006,77.1,77.5,77.4,77.7,78.5,78.9,78.4,78.2,77.9,77.7,77.9,77.9,39
120050,2007,72.7,73.2,73.7,73.7,73.9,73.6,73.7,74.5,74.9,75.4,76.4,77.1,30.0
120040,2007,69.6,67.0,65.0,66.4,68.9,65.4,65.0,69.0,71.2,71.3,71.2,71.3,31.0
120450,2007,58.3,58.5,58.5,58.3,57.7,58.4,60.6,61.6,61.1,60.2,59.7,59.7,32.0
120520,2007,75.3,75.2,75.2,75.5,74.5,74.5,75.0,75.8,76.2,77.3,78.5,79.1,33.0
120660,2007,119.3,119.4,120.0,120.0,119.9,120.0,119.6,119.5,119.2,119.2,119.6,119.0,34.0
120850,2007,141.0,130.5,125.8,130.7,132.3,152.3,146.9,134.7,129.9,130.7,134.7,149.2,35.0
121230,2007,84.1,84.0,84.0,84.5,84.8,84.9,84.8,84.9,85.3,85.5,85.6,85.5,36.0
121050,2007,87.8,87.7,88.0,88.8,88.7,88.6,89.6,91.0,89.7,89.8,89.5,89.5,37.0
121320,2007,92.8,92.6,93.6,94.6,95.0,96.0,97.2,96.9,96.1,96.2,96.6,96.9,38.0
121430,2007,78.3,78.5,78.1,78.3,78.6,78.5,78.5,78.3,78.2,78.9,79.3,79.0,39
120050,2008,78.1,79.2,80.4,81.6,83.1,83.5,84.1,84.1,84.4,84.9,84.4,84.1,30.0
120040,2008,76.4,81.3,77.0,80.9,80.9,72.6,75.4,78.9,78.2,79.7,76.1,69.9,31.0
120450,2008,59.1,58.1,58.3,59.0,59.1,58.9,60.3,62.6,63.8,64.3,65.9,67.0,32.0
120520,2008,79.3,80.2,80.3,80.8,81.3,81.5,82.8,83.8,83.9,83.9,82.7,82.2,33.0
120660,2008,119.6,119.5,119.5,118.9,119.3,119.3,118.4,118.3,118.3,118.1,117.7,116.1,34.0
120850,2008,140.3,130.3,124.1,132.4,136.5,152.7,140.7,128.9,122.1,128.2,130.9,144.7,35.0
121230,2008,85.9,86.1,86.1,86.0,86.0,86.3,86.6,86.6,87.4,87.5,87.4,87.0,36.0
121050,2008,89.5,89.4,89.8,91.1,91.2,91.1,92.0,93.2,91.7,91.3,91.3,90.9,37.0
121320,2008,96.7,95.7,96.7,98.6,99.2,99.9,101.4,101.0,100.5,99.3,95.9,95.0,38.0
121430,2008,79.5,79.6,79.9,79.8,80.4,80.0,81.1,81.1,80.9,81.1,81.4,80.7,39
120050,2009,83.6,84.0,84.4,84.8,84.4,84.4,85.2,85.4,85.7,85.8,85.5,85.1,30.0
120040,2009,70.2,69.6,72.0,73.5,76.1,73.4,76.4,79.8,76.6,76.1,75.9,75.7,31.0
120450,2009,66.5,66.8,67.8,68.1,68.5,68.9,69.1,70.0,70.5,70.7,71.1,70.7,32.0
120520,2009,82.3,82.4,82.6,82.7,82.6,82.1,84.7,85.7,86.2,86.7,85.8,86.5,33.0
120660,2009,117.0,116.4,116.4,116.2,116.0,115.8,115.0,115.7,115.1,114.7,114.7,114.7,34.0
120850,2009,139.8,127.4,122.4,126.7,127.8,143.4,139.5,128.6,122.2,127.1,128.1,138.3,35.0
121230,2009,87.4,87.8,87.7,87.6,87.2,87.7,88.7,89.0,89.2,89.4,89.3,89.2,36.0
121050,2009,90.2,90.3,90.5,91.5,91.7,91.8,92.7,93.7,92.6,92.8,92.6,92.2,37.0
121320,2009,93.7,93.8,94.2,96.7,96.9,99.5,101.1,100.6,100.1,99.6,101.1,101.2,38.0
121430,2009,81.2,81.4,81.2,81.3,83.7,83.7,83.7,84.3,84.0,84.0,84.3,84.3,39
120050,2010,85.1,85.4,85.5,85.8,85.6,85.5,85.2,85.8,86.3,86.8,86.8,86.8,30.0
120040,2010,74.4,75.1,74.1,75.5,77.4,77.5,79.1,80.6,88.7,92.1,88.7,87.9,31.0
120450,2010,70.3,70.1,70.6,71.3,71.8,72.2,73.0,74.2,74.7,73.9,73.9,74.1,32.0
120520,2010,84.8,83.8,83.0,83.2,83.4,83.5,84.5,84.5,84.5,85.0,85.2,85.4,33.0
120660,2010,115.4,114.8,115.0,114.8,114.4,113.9,113.6,112.8,112.5,112.6,111.8,111.5,34.0
120850,2010,125.8,117.9,113.2,126.1,129.6,144.1,131.0,124.0,121.4,128.7,131.6,144.5,35.0
121230,2010,89.1,89.3,89.0,89.1,88.7,89.1,89.6,89.8,89.5,89.7,90.1,89.7,36.0
121050,2010,92.0,92.1,92.7,92.9,93.1,92.9,93.4,94.4,93.6,94.1,94.0,93.6,37.0
121320,2010,101.4,101.2,101.9,102.3,102.6,101.9,103.2,103.0,102.3,101.5,102.6,103.3,38.0
121430,2010,84.2,84.3,84.1,84.2,84.6,84.9,86.9,86.7,86.3,87.6,87.4,87.0,39
120050,2011,87.6,88.6,89.1,89.6,90.0,90.7,90.1,90.0,88.8,89.0,89.2,88.9,30.0
120040,2011,87.2,87.7,84.2,84.4,83.0,81.2,80.8,81.7,77.4,77.4,80.0,80.8,31.0
120450,2011,74.4,74.7,75.1,75.6,76.4,76.8,77.0,78.1,78.8,78.6,78.0,77.9,32.0
120520,2011,85.2,85.5,85.6,85.8,86.1,86.3,85.7,86.9,87.5,87.7,88.7,88.8,33.0
120660,2011,113.1,113.4,113.4,112.4,112.3,112.4,112.2,111.9,111.3,111.2,111.0,111.0,34.0
120850,2011,135.3,128.3,125.6,132.4,136.2,147.8,135.9,128.2,129.1,136.5,140.6,147.6,35.0
121230,2011,89.9,90.3,90.5,90.6,90.6,90.5,92.3,92.2,92.3,92.8,92.8,92.1,36.0
121050,2011,93.2,93.2,93.8,94.4,94.4,94.6,94.9,95.5,94.7,94.0,93.6,93.3,37.0
121320,2011,104.9,105.3,105.7,106.3,106.5,106.2,106.0,106.5,106.3,106.3,105.5,105.1,38.0
121430,2011,87.6,87.7,87.5,87.5,87.9,87.9,87.9,88.3,88.1,88.3,88.2,88.1,39
120050,2012,89.3,89.5,89.5,89.5,89.2,89.2,88.7,89.5,90.2,91.1,91.9,92.4,30.0
120040,2012,79.2,81.7,80.9,81.0,84.1,79.1,80.2,86.5,88.9,86.8,80.5,79.4,31.0
120450,2012,78.1,78.1,78.4,79.1,79.3,79.4,80.2,81.0,81.0,80.3,80.2,80.5,32.0
120520,2012,89.2,89.4,89.5,91.7,91.8,91.7,91.9,92.2,92.8,93.0,92.9,93.0,33.0
120660,2012,110.7,110.9,111.3,110.3,109.7,109.4,108.6,109.3,110.0,110.3,110.2,109.4,34.0
120850,2012,136.2,128.5,128.2,136.7,138.1,143.6,131.7,123.7,122.6,129.4,134.1,148.2,35.0
121230,2012,92.4,92.3,92.4,92.6,92.7,93.1,94.0,93.9,94.1,94.6,94.7,94.4,36.0
121050,2012,92.8,93.0,93.3,93.8,93.9,93.8,94.1,95.3,91.8,91.6,90.9,90.6,37.0
121320,2012,105.5,105.9,107.0,107.9,107.1,106.0,106.3,107.6,108.3,107.2,105.8,104.7,38.0
121430,2012,89.3,89.3,89.2,88.8,89.0,89.2,89.3,92.3,92.3,92.6,92.8,92.9,39
120050,2013,92.6,93.6,93.2,94.1,93.9,94.6,95.0,95.2,95.6,96.0,95.4,95.5,30.0
120040,2013,83.9,84.9,82.4,84.9,84.8,85.1,87.9,85.8,85.6,90.6,87.4,88.7,31.0
120450,2013,80.4,80.1,80.7,81.4,81.6,81.9,82.7,83.2,83.2,83.2,83.0,82.8,32.0
120520,2013,93.4,93.6,93.4,93.8,94.6,96.0,96.3,96.4,96.5,96.6,96.6,96.6,33.0
120660,2013,109.4,110.0,109.5,109.1,109.2,108.6,108.1,107.9,107.2,108.1,107.3,106.7,34.0
120850,2013,136.1,128.1,126.8,131.6,131.7,139.5,128.3,123.5,122.5,130.4,133.3,145.5,35.0
121230,2013,94.0,94.4,94.3,94.2,94.4,94.9,95.2,95.7,95.8,95.7,95.7,95.2,36.0
121050,2013,90.6,90.5,91.4,91.2,91.6,91.9,92.5,93.3,93.3,93.6,93.0,92.6,37.0
121320,2013,104.3,104.5,105.0,104.0,102.9,103.9,104.3,104.6,104.7,103.2,102.7,102.6,38.0
121430,2013,93.1,93.1,92.7,92.8,95.8,96.7,96.9,96.7,96.4,97.0,97.1,97.2,39
120050,2014,94.7,94.5,94.6,94.3,94.3,94.0,93.7,93.7,92.8,93.5,93.3,93.1,30.0
120040,2014,89.5,87.0,86.7,85.5,85.6,83.3,84.9,88.7,85.8,86.3,84.5,80.5,31.0
120450,2014,82.3,82.5,83.2,83.3,83.6,83.8,84.5,84.9,84.9,85.1,85.2,85.3,32.0
120520,2014,96.5,96.5,96.6,96.6,96.7,96.7,96.7,96.7,96.5,96.6,96.6,96.6,33.0
120660,2014,106.0,106.7,106.5,105.3,105.7,105.4,104.0,103.7,103.7,104.0,103.9,102.8,34.0
120850,2014,134.3,127.9,126.0,128.9,128.1,140.9,130.4,122.4,122.4,129.1,132.0,140.1,35.0
121230,2014,95.1,95.5,95.2,95.3,95.4,95.5,95.7,95.8,95.8,95.9,95.7,95.9,36.0
121050,2014,92.2,92.3,92.6,93.2,93.6,93.7,93.4,94.1,94.0,94.1,93.6,92.9,37.0
121320,2014,102.7,101.9,102.2,102.9,102.9,102.9,103.7,102.7,102.4,102.4,101.5,101.6,38.0
121430,2014,96.8,97.4,97.3,96.7,96.8,96.8,96.4,96.6,96.2,96.3,96.9,96.7,39
120050,2015,92.9,93.1,93.0,93.2,93.3,93.5,93.7,93.5,93.4,94.1,93.4,93.0,30.0
120040,2015,81.5,82.2,80.8,87.1,90.6,87.1,88.1,86.8,93.4,98.0,96.2,91.1,31.0
120450,2015,84.5,84.5,85.1,85.0,85.3,85.6,86.5,87.1,87.1,86.8,86.8,87.1,32.0
120520,2015,95.8,92.8,92.9,93.2,93.4,93.4,93.4,93.2,92.0,91.3,91.2,91.3,33.0
120660,2015,103.4,103.3,103.4,102.9,102.9,102.5,101.6,101.4,101.2,102.0,101.7,101.1,34.0
120850,2015,131.7,124.5,122.1,128.4,128.6,137.9,128.8,124.0,122.6,126.5,129.7,137.8,35.0
121230,2015,96.3,96.3,96.0,95.8,95.8,95.8,96.1,96.2,96.3,96.1,96.0,95.7,36.0
121050,2015,92.4,92.1,92.7,93.5,94.1,94.2,94.1,95.1,93.3,93.6,92.9,92.2,37.0
121320,2015,99.7,98.2,99.5,100.0,99.8,99.9,100.4,99.1,97.8,96.8,96.2,96.1,38.0
121430,2015,96.7,97.3,96.9,97.0,96.9,96.8,97.3,97.7,97.7,97.8,97.4,96.8,39
120050,2016,92.8,92.8,92.3,92.1,92.3,91.9,91.8,91.9,91.9,92.4,92.1,91.6,30.0
120040,2016,90.8,89.4,85.8,85.6,89.4,86.2,91.1,91.8,90.0,91.7,87.7,88.6,31.0
120450,2016,86.7,86.8,87.1,87.3,87.3,87.4,88.4,88.7,88.8,88.6,88.5,88.4,32.0
120520,2016,91.2,91.3,91.3,91.4,91.7,91.7,91.8,91.8,91.7,91.8,91.7,91.7,33.0
120660,2016,100.8,101.2,101.5,100.7,101.1,100.5,100.0,99.4,99.8,99.3,99.2,98.7,34.0
120850,2016,130.0,124.9,124.4,129.0,129.1,139.8,128.3,122.1,121.4,126.1,128.0,136.4,35.0
121230,2016,95.6,95.7,95.6,95.4,95.3,95.6,96.1,96.2,96.5,96.4,96.4,96.4,36.0
121050,2016,91.9,91.7,92.1,93.1,93.2,93.6,93.9,94.1,93.8,93.7,93.6,92.8,37.0
121320,2016,95.4,94.5,93.6,95.1,95.1,95.8,96.5,95.3,95.0,94.9,94.4,94.2,38.0
121430,2016,97.0,97.2,97.0,96.8,97.7,97.8,97.6,97.9,97.7,97.5,97.6,97.5,39
120050,2017,92.1,92.3,92.3,92.4,92.1,92.1,91.9,92.1,92.1,92.3,92.2,91.8,30.0
120040,2017,88.5,92.0,91.9,93.3,94.8,88.2,88.1,89.5,92.0,93.3,88.1,85.2,31.0
120450,2017,88.0,88.3,89.0,88.9,88.6,88.8,89.6,90.1,90.4,90.4,90.4,90.5,32.0
120520,2017,92.8,93.0,93.0,93.2,93.4,92.4,92.3,92.4,92.3,92.5,92.6,92.7,33.0
120660,2017,98.4,99.0,98.7,98.4,98.6,97.6,96.7,96.5,97.0,96.4,96.1,95.0,34.0
120850,2017,123.8,117.3,123.0,124.6,138.2,130.7,120.1,115.7,115.2,122.3,124.7,130.1,35.0
121230,2017,96.3,96.4,96.6,96.4,96.5,96.9,97.2,97.1,97.3,97.4,97.4,97.4,36.0
121050,2017,92.4,92.4,92.9,93.7,93.6,93.4,93.4,94.3,93.9,93.8,93.5,92.9,37.0
121320,2017,94.1,93.5,93.1,93.4,93.4,93.0,93.1,93.4,93.1,93.3,93.0,93.4,38.0
121430,2017,98.5,98.5,98.8,98.6,98.7,98.6,98.5,98.6,98.1,98.3,98.3,98.0,39
120050,2018,92.1,92.3,92.1,92.5,92.0,92.4,92.9,92.6,93.3,93.4,93.1,93.0,30.0
120040,2018,85.0,87.0,84.5,87.2,93.7,95.5,97.4,95.3,97.1,97.7,96.1,95.8,31.0
120450,2018,90.0,89.7,90.5,90.8,90.8,91.2,91.2,91.6,92.1,92.5,92.3,92.3,32.0
120520,2018,92.7,92.6,92.6,92.9,93.1,93.2,93.3,93.5,93.6,93.7,93.6,93.5,33.0
120660,2018,95.1,95.5,95.9,95.5,95.3,94.8,94.6,94.4,94.7,94.9,94.1,93.9,34.0
120850,2018,118.7,113.2,118.7,121.3,129.8,121.5,113.4,111.5,110.7,119.7,122.4,126.4,35.0
121230,2018,97.6,97.6,97.4,97.3,97.6,97.6,97.1,97.0,97.2,97.1,97.1,97.3,36.0
121050,2018,92.5,92.7,93.6,93.3,93.9,93.6,93.5,94.6,94.1,94.5,94.0,93.1,37.0
121320,2018,93.5,94.1,94.0,94.5,94.7,95.3,95.8,95.9,95.2,94.7,94.0,93.0,38.0
121430,2018,98.2,98.1,98.2,98.2,98.6,97.9,98.3,98.1,97.9,98.4,98.3,98.1,39
120050,2019,93.4,93.5,93.4,93.1,93.6,93.7,94.0,94.0,93.4,94.1,94.3,94.0,30.0
120040,2019,98.4,100.9,100.6,100.6,104.4,95.0,91.6,94.4,97.0,99.0,96.0,93.1,31.0
120450,2019,91.9,92.2,92.9,92.8,92.8,92.9,93.2,93.6,93.8,93.7,93.7,94.3,32.0
120520,2019,94.4,94.5,94.6,94.7,95.1,95.0,95.2,95.2,95.2,95.3,95.3,95.2,33.0
120660,2019,93.9,94.5,94.6,94.2,93.9,93.3,92.7,92.5,93.1,92.9,92.0,91.5,34.0
120850,2019,117.5,112.5,116.3,119.1,128.3,120.4,112.6,111.3,111.4,119.2,117.9,119.4,35.0
121230,2019,97.4,97.2,97.2,97.2,97.3,97.8,97.4,97.2,97.1,97.3,97.1,97.3,36.0
121050,2019,93.0,93.2,93.8,94.3,94.7,94.8,94.7,95.8,95.5,95.0,95.0,94.3,37.0
121320,2019,92.8,92.9,93.7,95.1,95.5,95.2,94.8,94.5,93.5,93.8,92.8,92.8,38.0
121430,2019,98.5,98.5,98.3,97.9,98.5,98.3,98.4,97.7,97.4,97.5,97.5,97.6,39
120050,2020,93.5,93.5,94.1,94.7,93.9,93.7,93.8,93.8,93.2,93.5,93.6,93.4,30.0
120040,2020,95.4,96.9,96.5,101.1,102.0,95.8,96.4,96.3,99.1,101.7,99.4,97.2,31.0
120450,2020,93.9,93.9,94.7,94.5,94.3,94.2,94.3,94.3,94.5,94.4,94.1,94.1,32.0
120520,2020,95.1,95.1,95.2,95.0,95.1,95.0,95.0,95.1,95.0,94.6,94.7,94.6,33.0
120660,2020,91.4,91.7,92.2,92.6,92.1,91.9,91.4,91.4,92.0,92.2,91.4,91.4,34.0
120850,2020,111.8,108.4,111.8,114.5,114.9,113.9,107.2,104.8,104.4,108.2,112.8,112.6,35.0
121230,2020,97.4,97.3,97.2,97.1,96.9,96.7,97.0,96.9,96.6,96.7,96.8,96.7,36.0
121050,2020,93.9,94.1,94.3,94.2,94.2,93.8,94.2,95.1,94.8,95.0,94.8,94.5,37.0
121320,2020,92.7,92.1,92.3,89.6,89.2,90.3,91.1,91.1,91.0,91.0,90.7,90.8,38.0
121430,2020,97.3,97.5,97.6,97.3,97.3,97.3,97.5,97.3,97.4,97.4,97.6,97.2,39
120050,2021,93.7,93.8,94.0,94.7,94.6,95.3,95.5,95.1,95.7,96.5,96.3,96.7,30.0
120040,2021,94.6,95.8,94.3,97.2,100.5,98.3,97.6,99.3,103.3,101.9,97.2,95.3,31.0
120450,2021,94.3,94.5,95.1,95.0,94.9,95.1,95.5,95.9,96.2,96.2,96.5,97.3,32.0
120520,2021,94.9,94.9,94.9,95.2,95.5,95.7,96.2,96.4,96.7,97.0,97.0,97.2,33.0
120660,2021,92.2,92.6,93.3,93.7,93.9,94.3,94.7,95.2,96.0,96.1,98.4,99.1,34.0
120850,2021,101.8,102.3,107.1,110.1,112.3,109.0,103.9,102.1,100.6,104.2,103.3,104.4,35.0
121230,2021,96.8,96.8,96.6,96.5,97.0,97.3,97.8,98.0,98.2,98.4,98.2,98.2,36.0
121050,2021,94.5,94.7,95.8,96.1,97.1,97.4,98.0,98.9,97.9,98.6,97.8,97.5,37.0
121320,2021,91.3,91.8,92.5,92.6,92.7,92.9,94.3,94.4,94.4,93.4,93.8,93.8,38.0
121430,2021,97.3,97.7,97.7,97.8,98.1,98.1,98.2,98.1,98.3,98.5,98.6,98.8,39
120050,2022,97.9,98.5,98.5,99.1,99.9,100.3,100.7,100.7,100.3,101.3,101.5,101.5,30.0
120040,2022,96.7,100.8,98.6,101.4,105.9,96.9,98.3,98.3,100.5,103.7,100.6,98.2,31.0
120450,2022,97.4,97.5,98.2,98.2,98.4,99.1,100.3,101.0,101.6,102.2,102.7,103.4,32.0
120520,2022,96.9,97.9,98.1,98.4,98.8,99.1,99.5,101.7,101.8,102.2,102.5,102.7,33.0
120660,2022,99.8,99.9,100.1,99.9,100.2,99.8,99.8,100.1,100.6,100.2,99.9,99.2,34.0
120850,2022,99.2,96.7,101.1,103.2,105.5,102.0,97.9,96.4,96.7,100.6,100.7,99.7,35.0
121230,2022,98.4,98.8,98.8,98.9,99.1,99.7,100.2,100.4,101.4,101.1,101.2,101.6,36.0
121050,2022,97.3,97.4,98.5,99.3,99.9,100.4,101.2,101.6,101.5,101.2,101.3,100.8,37.0
121320,2022,94.2,95.8,97.2,99.1,99.5,101.8,104.9,101.3,100.7,101.3,101.5,102.5,38.0
121430,2022,98.7,98.8,99.0,98.7,99.3,99.5,100.5,100.9,101.0,101.1,101.0,101.3,39
120050,2023,102.4,103.2,103.7,104.1,104.1,104.7,105.1,104.9,104.4,105.3,105.8,105.8,30.0
120040,2023,97.9,100.9,99.7,103.0,104.9,101.3,104.7,104.4,107.8,111.3,110.4,111.6,31.0
120450,2023,103.8,104.2,104.8,105.3,105.8,105.9,106.6,107.3,107.5,107.1,106.7,107.0,32.0
120520,2023,104.1,104.5,104.5,104.0,104.2,104.3,104.9,105.1,105.1,105.3,105.3,105.3,33.0
120660,2023,99.5,99.2,98.7,98.5,97.7,96.9,95.7,95.6,96.1,95.9,95.6,94.9,34.0
120850,2023,94.8,91.7,95.5,97.3,96.5,93.6,89.1,86.9,87.3,90.7,90.9,89.3,35.0
121230,2023,102.7,102.8,103.0,103.2,103.4,103.8,103.9,104.1,104.6,104.8,104.8,104.9,36.0
121050,2023,100.1,100.6,101.2,102.3,102.9,103.1,103.1,103.9,104.4,104.0,103.6,102.6,37.0
121320,2023,102.8,103.2,103.4,105.6,105.8,105.9,106.4,108.0,106.6,107.5,106.5,106.3,38.0
121430,2023,103.0,103.5,103.6,103.7,103.8,103.9,103.9,104.2,104.0,104.1,104.3,104.3,39
120050,2024,106.0,106.7,106.8,107.1,108.2,108.5,109.0,109.3,109.3,109.8,110.1,110.3,30.0
120040,2024,111.0,114.6,111.9,110.4,112.8,110.5,114.0,121.1,124.7,124.9,118.6,113.5,31.0
120450,2024,107.2,106.9,107.5,108.1,108.5,109.0,109.9,110.6,110.8,110.8,111.1,111.4,32.0
120520,2024,105.3,106.2,106.4,106.7,107.0,107.3,108.2,108.6,108.6,108.8,108.6,108.7,33.0
120660,2024,95.0,95.7,95.9,95.4,95.8,95.5,94.9,94.5,95.1,95.0,94.9,94.8,34.0
120850,2024,88.4,87.0,88.7,90.2,92.2,90.0,87.8,86.8,85.8,88.8,89.5,90.7,35.0
121230,2024,105.5,105.6,106.1,106.2,106.5,106.3,106.6,106.6,107.3,107.8,107.7,108.1,36.0
121050,2024,102.1,102.8,103.7,104.7,105.2,105.9,107.0,107.5,107.7,107.8,106.4,105.5,37.0
121320,2024,105.9,106.5,106.8,110.0,108.3,107.9,108.3,110.9,108.3,110.2,108.7,107.9,38.0
121430,2024,105.0,106.0,109.7,109.9,110.4,110.5,110.5,110.7,110.9,111.1,111.4,111.5,39
